<?xml version="1.0" encoding="UTF-8"?>
<!--

  Copyright : 2012 Freescale, Inc. All Rights Reserved.

  This configuration file is a standard interchange file that's format is maintained
  by Freescale, Inc. The configuration file is a derivative work
  of the Processor Expert Software technology licensed for use by customers
  as defined as SOFTWARE in the product's End User License Agreement. This file
  and format are free to use and distribute for read-only purposes. You do not have
  the right to create these files or modify this format or use for any purposes other
  than interchange with the Processor Expert Software technology.

  THIS SOFTWARE IS PROVIDED "AS IS".

  NO WARRANTIES, WHETHER EXPRESS, IMPLIED OR STATUTORY, INCLUDING, BUT NOT
  LIMITED TO, IMPLIED WARRANTIES OF MERCHANTABILITY AND FITNESS FOR A PARTICULAR
  PURPOSE APPLY TO THIS SOFTWARE. IN NO EVENT WILL FREESCALE BE LIABLE, WHETHER
  IN CONTRACT, TORT, OR OTHERWISE, FOR ANY INCIDENTAL, SPECIAL, INDIRECT,
  CONSEQUENTIAL OR PUNITIVE DAMAGES, INCLUDING, BUT NOT LIMITED TO, DAMAGES FOR
  ANY LOSS OF USE, LOSS OF TIME, INCONVENIENCE, COMMERCIAL LOSS, OR LOST PROFITS,
  SAVINGS, OR REVENUES TO THE FULL EXTENT SUCH MAY BE DISCLAIMED BY LAW.

-->
<export xmlns:xsi="http://www.w3.org/2001/XMLSchema-instance" xsi:noNamespaceSchemaLocation="ProjectInfoDescription.xsd">
  <PROCESSOR>
    <DeviceID>MK22FN512xxx12</DeviceID>
    <CoreNum>1</CoreNum>
    <Cores>
      <Core>
        <CoreSet>Cortex-M4</CoreSet>
      </Core>
    </Cores>
    <SRAMsize>128k</SRAMsize>
    <FLASHsize>512k</FLASHsize>
  </PROCESSOR>
  <PATHS>
    <LinkerCommandFile>C:\Users\jesse\Desktop\CC2511\Lab 4\Lab4JesseHermon\Project_Settings\Linker_Files\ProcessorExpert.ld</LinkerCommandFile>
    <IncludePaths>
      <Path>C:\Users\jesse\Desktop\CC2511\Lab 4\Lab4JesseHermon\Static_Code\System\</Path>
      <Path>C:\Users\jesse\Desktop\CC2511\Lab 4\Lab4JesseHermon\Static_Code\PDD\</Path>
      <Path>C:\Users\jesse\Desktop\CC2511\Lab 4\Lab4JesseHermon\Static_Code\IO_Map\</Path>
      <Path>C:\Freescale\KDS_v3\eclipse\ProcessorExpert\lib\Kinetis\pdd\inc\</Path>
      <Path>C:\Users\jesse\Desktop\CC2511\Lab 4\Lab4JesseHermon\Sources\</Path>
      <Path>C:\Users\jesse\Desktop\CC2511\Lab 4\Lab4JesseHermon\Generated_Code\</Path>
    </IncludePaths>
    <SourceCodePaths>
      <Path>C:\Users\jesse\Desktop\CC2511\Lab 4\Lab4JesseHermon\Generated_Code\</Path>
      <Path>C:\Users\jesse\Desktop\CC2511\Lab 4\Lab4JesseHermon\Project_Settings\Startup_Code\</Path>
      <Path>C:\Users\jesse\Desktop\CC2511\Lab 4\Lab4JesseHermon\Sources\</Path>
      <Path>C:\Users\jesse\Desktop\CC2511\Lab 4\Lab4JesseHermon\Static_Code\System\</Path>
    </SourceCodePaths>
  </PATHS>
  <FILES>
    <GeneratedCs>
      <PathName>C:\Users\jesse\Desktop\CC2511\Lab 4\Lab4JesseHermon\Generated_Code\AS1.c</PathName>
      <PathName>C:\Users\jesse\Desktop\CC2511\Lab 4\Lab4JesseHermon\Generated_Code\ASerialLdd1.c</PathName>
      <PathName>C:\Users\jesse\Desktop\CC2511\Lab 4\Lab4JesseHermon\Generated_Code\BitIoLdd1.c</PathName>
      <PathName>C:\Users\jesse\Desktop\CC2511\Lab 4\Lab4JesseHermon\Generated_Code\BitIoLdd2.c</PathName>
      <PathName>C:\Users\jesse\Desktop\CC2511\Lab 4\Lab4JesseHermon\Generated_Code\BitIoLdd3.c</PathName>
      <PathName>C:\Users\jesse\Desktop\CC2511\Lab 4\Lab4JesseHermon\Generated_Code\Blue.c</PathName>
      <PathName>C:\Users\jesse\Desktop\CC2511\Lab 4\Lab4JesseHermon\Generated_Code\Cpu.c</PathName>
      <PathName>C:\Users\jesse\Desktop\CC2511\Lab 4\Lab4JesseHermon\Generated_Code\Green.c</PathName>
      <PathName>C:\Users\jesse\Desktop\CC2511\Lab 4\Lab4JesseHermon\Generated_Code\PE_LDD.c</PathName>
      <PathName>C:\Users\jesse\Desktop\CC2511\Lab 4\Lab4JesseHermon\Generated_Code\Pins1.c</PathName>
      <PathName>C:\Users\jesse\Desktop\CC2511\Lab 4\Lab4JesseHermon\Generated_Code\Red.c</PathName>
      <PathName>C:\Users\jesse\Desktop\CC2511\Lab 4\Lab4JesseHermon\Project_Settings\Startup_Code\startup.c</PathName>
      <PathName>C:\Users\jesse\Desktop\CC2511\Lab 4\Lab4JesseHermon\Sources\Events.c</PathName>
      <PathName>C:\Users\jesse\Desktop\CC2511\Lab 4\Lab4JesseHermon\Sources\main.c</PathName>
      <PathName>C:\Users\jesse\Desktop\CC2511\Lab 4\Lab4JesseHermon\Static_Code\System\CPU_Init.c</PathName>
      <PathName>C:\Users\jesse\Desktop\CC2511\Lab 4\Lab4JesseHermon\Static_Code\System\Peripherals_Init.c</PathName>
      <PathName>C:\Users\jesse\Desktop\CC2511\Lab 4\Lab4JesseHermon\Static_Code\System\Vectors.c</PathName>
    </GeneratedCs>
    <GeneratedHs>
      <PathName>C:\Users\jesse\Desktop\CC2511\Lab 4\Lab4JesseHermon\Generated_Code\AS1.h</PathName>
      <PathName>C:\Users\jesse\Desktop\CC2511\Lab 4\Lab4JesseHermon\Generated_Code\ASerialLdd1.h</PathName>
      <PathName>C:\Users\jesse\Desktop\CC2511\Lab 4\Lab4JesseHermon\Generated_Code\BitIoLdd1.h</PathName>
      <PathName>C:\Users\jesse\Desktop\CC2511\Lab 4\Lab4JesseHermon\Generated_Code\BitIoLdd2.h</PathName>
      <PathName>C:\Users\jesse\Desktop\CC2511\Lab 4\Lab4JesseHermon\Generated_Code\BitIoLdd3.h</PathName>
      <PathName>C:\Users\jesse\Desktop\CC2511\Lab 4\Lab4JesseHermon\Generated_Code\Blue.h</PathName>
      <PathName>C:\Users\jesse\Desktop\CC2511\Lab 4\Lab4JesseHermon\Generated_Code\CPU_Config.h</PathName>
      <PathName>C:\Users\jesse\Desktop\CC2511\Lab 4\Lab4JesseHermon\Generated_Code\Cpu.h</PathName>
      <PathName>C:\Users\jesse\Desktop\CC2511\Lab 4\Lab4JesseHermon\Generated_Code\Green.h</PathName>
      <PathName>C:\Users\jesse\Desktop\CC2511\Lab 4\Lab4JesseHermon\Generated_Code\IO_Map.h</PathName>
      <PathName>C:\Users\jesse\Desktop\CC2511\Lab 4\Lab4JesseHermon\Generated_Code\Init_Config.h</PathName>
      <PathName>C:\Users\jesse\Desktop\CC2511\Lab 4\Lab4JesseHermon\Generated_Code\PE_Const.h</PathName>
      <PathName>C:\Users\jesse\Desktop\CC2511\Lab 4\Lab4JesseHermon\Generated_Code\PE_Error.h</PathName>
      <PathName>C:\Users\jesse\Desktop\CC2511\Lab 4\Lab4JesseHermon\Generated_Code\PE_LDD.h</PathName>
      <PathName>C:\Users\jesse\Desktop\CC2511\Lab 4\Lab4JesseHermon\Generated_Code\PE_Types.h</PathName>
      <PathName>C:\Users\jesse\Desktop\CC2511\Lab 4\Lab4JesseHermon\Generated_Code\Pins1.h</PathName>
      <PathName>C:\Users\jesse\Desktop\CC2511\Lab 4\Lab4JesseHermon\Generated_Code\Red.h</PathName>
      <PathName>C:\Users\jesse\Desktop\CC2511\Lab 4\Lab4JesseHermon\Generated_Code\Vectors_Config.h</PathName>
      <PathName>C:\Users\jesse\Desktop\CC2511\Lab 4\Lab4JesseHermon\Sources\Events.h</PathName>
      <PathName>C:\Users\jesse\Desktop\CC2511\Lab 4\Lab4JesseHermon\Static_Code\IO_Map\MK22F51212.h</PathName>
      <PathName>C:\Users\jesse\Desktop\CC2511\Lab 4\Lab4JesseHermon\Static_Code\PDD\ADC_PDD.h</PathName>
      <PathName>C:\Users\jesse\Desktop\CC2511\Lab 4\Lab4JesseHermon\Static_Code\PDD\CMP_PDD.h</PathName>
      <PathName>C:\Users\jesse\Desktop\CC2511\Lab 4\Lab4JesseHermon\Static_Code\PDD\CRC_PDD.h</PathName>
      <PathName>C:\Users\jesse\Desktop\CC2511\Lab 4\Lab4JesseHermon\Static_Code\PDD\DAC_PDD.h</PathName>
      <PathName>C:\Users\jesse\Desktop\CC2511\Lab 4\Lab4JesseHermon\Static_Code\PDD\DMAMUX_PDD.h</PathName>
      <PathName>C:\Users\jesse\Desktop\CC2511\Lab 4\Lab4JesseHermon\Static_Code\PDD\DMA_PDD.h</PathName>
      <PathName>C:\Users\jesse\Desktop\CC2511\Lab 4\Lab4JesseHermon\Static_Code\PDD\EWM_PDD.h</PathName>
      <PathName>C:\Users\jesse\Desktop\CC2511\Lab 4\Lab4JesseHermon\Static_Code\PDD\FMC_PDD.h</PathName>
      <PathName>C:\Users\jesse\Desktop\CC2511\Lab 4\Lab4JesseHermon\Static_Code\PDD\FTFA_PDD.h</PathName>
      <PathName>C:\Users\jesse\Desktop\CC2511\Lab 4\Lab4JesseHermon\Static_Code\PDD\FTM_PDD.h</PathName>
      <PathName>C:\Users\jesse\Desktop\CC2511\Lab 4\Lab4JesseHermon\Static_Code\PDD\GPIO_PDD.h</PathName>
      <PathName>C:\Users\jesse\Desktop\CC2511\Lab 4\Lab4JesseHermon\Static_Code\PDD\I2C_PDD.h</PathName>
      <PathName>C:\Users\jesse\Desktop\CC2511\Lab 4\Lab4JesseHermon\Static_Code\PDD\LLWU_PDD.h</PathName>
      <PathName>C:\Users\jesse\Desktop\CC2511\Lab 4\Lab4JesseHermon\Static_Code\PDD\LPTMR_PDD.h</PathName>
      <PathName>C:\Users\jesse\Desktop\CC2511\Lab 4\Lab4JesseHermon\Static_Code\PDD\LPUART_PDD.h</PathName>
      <PathName>C:\Users\jesse\Desktop\CC2511\Lab 4\Lab4JesseHermon\Static_Code\PDD\MCG_PDD.h</PathName>
      <PathName>C:\Users\jesse\Desktop\CC2511\Lab 4\Lab4JesseHermon\Static_Code\PDD\MCM_PDD.h</PathName>
      <PathName>C:\Users\jesse\Desktop\CC2511\Lab 4\Lab4JesseHermon\Static_Code\PDD\OSC_PDD.h</PathName>
      <PathName>C:\Users\jesse\Desktop\CC2511\Lab 4\Lab4JesseHermon\Static_Code\PDD\PDB_PDD.h</PathName>
      <PathName>C:\Users\jesse\Desktop\CC2511\Lab 4\Lab4JesseHermon\Static_Code\PDD\PDD_Types.h</PathName>
      <PathName>C:\Users\jesse\Desktop\CC2511\Lab 4\Lab4JesseHermon\Static_Code\PDD\PIT_PDD.h</PathName>
      <PathName>C:\Users\jesse\Desktop\CC2511\Lab 4\Lab4JesseHermon\Static_Code\PDD\PMC_PDD.h</PathName>
      <PathName>C:\Users\jesse\Desktop\CC2511\Lab 4\Lab4JesseHermon\Static_Code\PDD\PORT_PDD.h</PathName>
      <PathName>C:\Users\jesse\Desktop\CC2511\Lab 4\Lab4JesseHermon\Static_Code\PDD\RCM_PDD.h</PathName>
      <PathName>C:\Users\jesse\Desktop\CC2511\Lab 4\Lab4JesseHermon\Static_Code\PDD\RNGA_PDD.h</PathName>
      <PathName>C:\Users\jesse\Desktop\CC2511\Lab 4\Lab4JesseHermon\Static_Code\PDD\RTC_PDD.h</PathName>
      <PathName>C:\Users\jesse\Desktop\CC2511\Lab 4\Lab4JesseHermon\Static_Code\PDD\SAI_PDD.h</PathName>
      <PathName>C:\Users\jesse\Desktop\CC2511\Lab 4\Lab4JesseHermon\Static_Code\PDD\SCB_PDD.h</PathName>
      <PathName>C:\Users\jesse\Desktop\CC2511\Lab 4\Lab4JesseHermon\Static_Code\PDD\SIM_PDD.h</PathName>
      <PathName>C:\Users\jesse\Desktop\CC2511\Lab 4\Lab4JesseHermon\Static_Code\PDD\SMC_PDD.h</PathName>
      <PathName>C:\Users\jesse\Desktop\CC2511\Lab 4\Lab4JesseHermon\Static_Code\PDD\SPI_PDD.h</PathName>
      <PathName>C:\Users\jesse\Desktop\CC2511\Lab 4\Lab4JesseHermon\Static_Code\PDD\SysTick_PDD.h</PathName>
      <PathName>C:\Users\jesse\Desktop\CC2511\Lab 4\Lab4JesseHermon\Static_Code\PDD\UART_PDD.h</PathName>
      <PathName>C:\Users\jesse\Desktop\CC2511\Lab 4\Lab4JesseHermon\Static_Code\PDD\USB_PDD.h</PathName>
      <PathName>C:\Users\jesse\Desktop\CC2511\Lab 4\Lab4JesseHermon\Static_Code\PDD\VREF_PDD.h</PathName>
      <PathName>C:\Users\jesse\Desktop\CC2511\Lab 4\Lab4JesseHermon\Static_Code\PDD\WDOG_PDD.h</PathName>
      <PathName>C:\Users\jesse\Desktop\CC2511\Lab 4\Lab4JesseHermon\Static_Code\System\CPU_Init.h</PathName>
      <PathName>C:\Users\jesse\Desktop\CC2511\Lab 4\Lab4JesseHermon\Static_Code\System\PDD_Includes.h</PathName>
      <PathName>C:\Users\jesse\Desktop\CC2511\Lab 4\Lab4JesseHermon\Static_Code\System\Peripherals_Init.h</PathName>
    </GeneratedHs>
  </FILES>
  <OPTIONS>
  </OPTIONS>
</export>
